#city,county,state,lat,lon
Acampo,San Joaquin,California,38.200413,-121.218576
Acton,Los Angeles,California,34.483541,-118.195929
Adelanto,San Bernardino,California,34.584128,-117.424189
Adin,Modoc,California,41.21751,-120.943193
Agoura Hills,Los Angeles,California,34.157163,-118.75718
Aguanga,Riverside,California,33.447306,-116.799693
Ahwahnee,Madera,California,37.407631,-119.723251
Alameda,Alameda,California,37.764783,-122.260516
Alamo,Contra Costa,California,37.853695,-122.022868
Albany,Alameda,California,37.890045,-122.295394
Albion,Mendocino,California,39.215934,-123.721366
Alderpoint,Humboldt,California,40.176389,-123.610556
Alhambra,Los Angeles,California,34.091436,-118.129288
Aliso Viejo,Orange,California,33.572367,-117.708906
Alleghany,Sierra,California,39.512698,-120.727176
Alpaugh,Tulare,California,35.887778,-119.486389
Alpine,San Diego,California,32.828161,-116.754328
Alta,Placer,California,39.228032,-120.773165
Altadena,Los Angeles,California,34.191187,-118.13919
Altaville,Calaveras,California,38.076944,-120.552222
Alturas,Modoc,California,41.476742,-120.545584
Alviso,Santa Clara,California,37.427659,-121.968597
Amador City,Amador,California,38.419444,-120.823056
Amboy,San Bernardino,California,34.599012,-115.774907
American Canyon,Napa,California,38.175,-122.259722
Anaheim,Orange,California,33.842679,-117.954035
Anderson,Shasta,California,40.457432,-122.328218
Angels Camp,Calaveras,California,38.064011,-120.55437
Angelus Oaks,San Bernardino,California,34.153149,-116.948482
Angwin,Napa,California,38.576906,-122.447732
Annapolis,Sonoma,California,38.714485,-123.314214
Antelope,Sacramento,California,38.708333,-121.328889
Antioch,Contra Costa,California,37.993917,-121.808906
Anza,Riverside,California,33.568812,-116.71355
Apple Valley,San Bernardino,California,34.529081,-117.2132
Applegate,Placer,California,38.995487,-120.990511
Aptos,Santa Cruz,California,36.977222,-121.898333
Arbuckle,Colusa,California,39.013787,-122.027405
Arcadia,Los Angeles,California,34.132389,-118.026374
Arcata,Humboldt,California,40.866667,-124.081667
Armona,Kings,California,36.309459,-119.705279
Arnold,Calaveras,California,38.24175,-120.342231
Aromas,Monterey,California,36.878522,-121.639781
Arroyo Grande,San Luis Obispo,California,35.11449,-120.57289
Artesia,Los Angeles,California,33.866568,-118.068046
Artois,Glenn,California,39.619722,-122.192778
Arvin,Kern,California,35.196629,-118.8336
Atascadero,San Luis Obispo,California,35.475439,-120.663838
Atherton,San Mateo,California,37.456255,-122.200198
Atwater,Merced,California,37.353154,-120.600837
Atwood,Orange,California,33.865556,-117.83
Auberry,Fresno,California,37.072635,-119.457202
Auburn,Placer,California,38.9828,-121.0938
Avalon,Los Angeles,California,33.331963,-118.343706
Avenal,Kings,California,35.987667,-120.122716
Avery,Calaveras,California,38.204444,-120.368889
Avila Beach,San Luis Obispo,California,35.18,-120.730833
Azusa,Los Angeles,California,34.12476,-117.903083
Badger,Tulare,California,36.631389,-119.012222
Baker,San Bernardino,California,35.360573,-116.063754
Bakersfield,Kern,California,35.386611,-119.017063
Baldwin Park,Los Angeles,California,34.084245,-117.969539
Ballico,Merced,California,37.452455,-120.700152
Bangor,Butte,California,39.424862,-121.350499
Banning,Riverside,California,33.92816,-116.889928
Bard,Imperial,California,32.789167,-114.555278
Barstow,San Bernardino,California,34.89145,-117.038702
Bass Lake,Madera,California,37.324359,-119.556839
Bayside,Humboldt,California,40.822381,-124.027305
Beale Afb,Yuba,California,39.145833,-121.590278
Beaumont,Riverside,California,33.950429,-116.970079
Beckwourth,Plumas,California,39.820278,-120.377778
Belden,Plumas,California,39.921746,-121.325924
Bell,Los Angeles,California,33.969177,-118.17205
Bell Gardens,Los Angeles,California,33.9775,-118.186111
Bella Vista,Shasta,California,40.740945,-122.07245
Bellflower,Los Angeles,California,33.886676,-118.126527
Belmont,San Mateo,California,37.517433,-122.292671
Belvedere Tiburon,Marin,California,37.889885,-122.472627
Ben Lomond,Santa Cruz,California,37.086183,-122.083869
Benicia,Solano,California,38.068459,-122.161392
Benton,Mono,California,37.798099,-118.498526
Berkeley,Alameda,California,37.8691,-122.2696
Berry Creek,Butte,California,39.638394,-121.385467
Bethel Island,Contra Costa,California,38.015,-121.639444
Beverly Hills,Los Angeles,California,34.0732,-118.3927
Bieber,Lassen,California,41.121389,-121.143056
Big Bar,Trinity,California,40.74796,-123.229006
Big Bear City,San Bernardino,California,34.242233,-116.920412
Big Bear Lake,San Bernardino,California,34.243889,-116.910556
Big Bend,Shasta,California,41.020833,-121.91
Big Creek,Fresno,California,37.205,-119.245
Big Oak Flat,Tuolumne,California,37.823611,-120.257222
Big Pine,Inyo,California,37.167857,-118.291597
Big Sur,Monterey,California,36.245798,-121.700897
Biggs,Butte,California,39.414918,-121.695873
Biola,Fresno,California,36.802222,-120.015278
Birds Landing,Solano,California,38.150402,-121.844318
Bishop,Inyo,California,37.386301,-118.44156
Blairsden-graeagle,Plumas,California,39.784745,-120.627397
Blocksburg,Humboldt,California,40.276111,-123.635278
Bloomington,San Bernardino,California,34.066198,-117.399295
Blue Jay,San Bernardino,California,34.246111,-117.208889
Blue Lake,Humboldt,California,40.928701,-123.896696
Blythe,Riverside,California,33.605715,-114.597131
Bodega,Sonoma,California,38.339264,-122.951364
Bodega Bay,Sonoma,California,38.330921,-123.037308
Bodfish,Kern,California,35.587046,-118.484656
Bolinas,Marin,California,37.907875,-122.694655
Bonita,San Diego,California,32.667143,-117.022065
Bonsall,San Diego,California,33.294033,-117.18969
Boonville,Mendocino,California,39.035007,-123.401954
Boron,Kern,California,35.003748,-117.662921
Borrego Springs,San Diego,California,33.238649,-116.351394
Boulder Creek,Santa Cruz,California,37.149934,-122.133053
Boulevard,San Diego,California,32.671934,-116.319982
Boyes Hot Springs,Sonoma,California,38.313889,-122.480833
Bradley,Monterey,California,35.809255,-120.972793
Brandeis,Ventura,California,34.3216,-118.7027
Branscomb,Mendocino,California,39.700531,-123.554982
Brawley,Imperial,California,32.979181,-115.529613
Brea,Orange,California,33.9252,-117.8895
Brentwood,Contra Costa,California,37.932415,-121.689427
Bridgeport,Mono,California,38.256601,-119.208025
Bridgeville,Humboldt,California,40.468566,-123.549351
Brisbane,San Mateo,California,37.681104,-122.400118
Brookdale,Santa Cruz,California,37.106389,-122.105
Brooks,Yolo,California,38.739277,-122.133391
Browns Valley,Yuba,California,39.284428,-121.346482
Brownsville,Yuba,California,39.452534,-121.261179
Bryn Mawr,San Bernardino,California,34.048333,-117.23
Buellton,Santa Barbara,California,34.62093,-120.192233
Buena Park,Orange,California,33.840607,-118.011359
Burbank,Los Angeles,California,34.186238,-118.300898
Burlingame,San Mateo,California,37.575884,-122.362952
Burney,Shasta,California,40.894927,-121.655036
Burnt Ranch,Trinity,California,40.772238,-123.461248
Burrel,Fresno,California,36.488333,-119.984167
Burson,Calaveras,California,38.183889,-120.889444
Butte City,Glenn,California,39.456348,-121.978046
Buttonwillow,Kern,California,35.403268,-119.465926
Byron,Contra Costa,California,37.902616,-121.602211
Cabazon,Riverside,California,33.908583,-116.773948
Calabasas,Los Angeles,California,34.141854,-118.664103
Calexico,Imperial,California,32.683227,-115.502815
Caliente,Kern,California,35.356798,-118.410264
California City,Kern,California,35.125833,-117.985
California Hot Springs,Tulare,California,35.892422,-118.646317
Calimesa,Riverside,California,33.994586,-117.04304
Calipatria,Imperial,California,33.166956,-115.511402
Calistoga,Napa,California,38.582305,-122.581384
Callahan,Siskiyou,California,41.383257,-122.764046
Calpella,Mendocino,California,39.150278,-123.206667
Calpine,Sierra,California,39.651699,-120.4442
Camarillo,Ventura,California,34.231328,-119.046361
Cambria,San Luis Obispo,California,35.556568,-121.084029
Camino,El Dorado,California,38.744938,-120.671979
Camp Meeker,Sonoma,California,38.425278,-122.958333
Camp Nelson,Tulare,California,36.130278,-118.817222
Camp Pendleton,San Diego,California,33.327929,-117.409452
Campbell,Santa Clara,California,37.280007,-121.95539
Campo,San Diego,California,32.660491,-116.490459
Campo Seco,Calaveras,California,38.227222,-120.852222
Camptonville,Yuba,California,39.450784,-121.023066
Canby,Modoc,California,41.466358,-120.921769
Canoga Park,Los Angeles,California,34.199257,-118.59828
Cantil,Kern,California,35.282558,-117.993868
Cantua Creek,Fresno,California,36.492123,-120.335252
Canyon,Contra Costa,California,37.831667,-122.186667
Canyon Country,Los Angeles,California,34.426203,-118.449011
Canyon Dam,Plumas,California,40.207958,-121.156324
Capay,Yolo,California,38.696964,-122.100993
Capistrano Beach,Orange,California,33.459115,-117.662657
Capitola,Santa Cruz,California,36.977359,-121.952145
Cardiff By The Sea,San Diego,California,33.025265,-117.274371
Carlotta,Humboldt,California,40.507027,-123.974287
Carlsbad,San Diego,California,33.160241,-117.324998
Carmel,Monterey,California,36.4478,-121.8395
Carmel By The Sea,Monterey,California,36.5546,-121.9203
Carmel Valley,Monterey,California,36.478709,-121.724356
Carmichael,Sacramento,California,38.628393,-121.328683
Carnelian Bay,Placer,California,39.231937,-120.075328
Carpinteria,Santa Barbara,California,34.403589,-119.518257
Carson,Los Angeles,California,33.822968,-118.268352
Caruthers,Fresno,California,36.535847,-119.844581
Casmalia,Santa Barbara,California,34.838056,-120.530278
Caspar,Mendocino,California,39.365102,-123.798489
Cassel,Shasta,California,40.907832,-121.524497
Castaic,Los Angeles,California,34.488889,-118.621944
Castella,Shasta,California,41.138611,-122.316667
Castro Valley,Alameda,California,37.701527,-122.078183
Castroville,Monterey,California,36.77142,-121.747368
Cathedral City,Riverside,California,33.809839,-116.466497
Catheys Valley,Mariposa,California,37.441409,-120.069017
Cayucos,San Luis Obispo,California,35.444606,-120.890791
Cazadero,Sonoma,California,38.566335,-123.182896
Cedar Glen,San Bernardino,California,34.253889,-117.163889
Cedar Ridge,Nevada,California,39.198889,-121.02
Cedarpines Park,San Bernardino,California,34.25,-117.325
Cedarville,Modoc,California,41.475871,-120.151551
Ceres,Stanislaus,California,37.588097,-120.949936
Cerritos,Los Angeles,California,33.858333,-118.063889
Challenge,Yuba,California,39.4875,-121.2225
Chatsworth,Los Angeles,California,34.258253,-118.591357
Chester,Plumas,California,40.297457,-121.227338
Chicago Park,Nevada,California,39.145278,-120.966111
Chico,Butte,California,39.756466,-121.851806
Chilcoot,Plumas,California,39.805683,-120.175212
Chinese Camp,Tuolumne,California,37.856829,-120.406673
Chino,San Bernardino,California,34.012222,-117.688056
Chino Hills,San Bernardino,California,33.979735,-117.730791
Chowchilla,Madera,California,37.101371,-120.269077
Chualar,Monterey,California,36.595042,-121.431964
Chula Vista,San Diego,California,32.64,-117.0833
Cima,San Bernardino,California,35.237778,-115.498333
Citrus Heights,Sacramento,California,38.694571,-121.269211
City Of Industry,Los Angeles,California,34.0197,-117.9577
Claremont,Los Angeles,California,34.109167,-117.718293
Clarksburg,Yolo,California,38.395963,-121.556853
Clayton,Contra Costa,California,37.915442,-121.909967
Clearlake,Lake,California,38.957138,-122.636089
Clearlake Oaks,Lake,California,39.034838,-122.66873
Clearlake Park,Lake,California,38.967778,-122.653889
Clements,San Joaquin,California,38.190833,-121.087222
Clio,Plumas,California,39.74326,-120.560458
Clipper Mills,Butte,California,39.532778,-121.156389
Cloverdale,Sonoma,California,38.799396,-123.011725
Clovis,Fresno,California,36.8243,-119.6824
Coachella,Riverside,California,33.674965,-116.177231
Coalinga,Fresno,California,36.162435,-120.348928
Coarsegold,Madera,California,37.221378,-119.745545
Cobb,Lake,California,38.822222,-122.721944
Coleville,Mono,California,38.502903,-119.482784
Colfax,Placer,California,39.076936,-120.960163
Coloma,El Dorado,California,38.8,-120.889167
Colton,San Bernardino,California,34.057964,-117.318577
Columbia,Tuolumne,California,38.03975,-120.405552
Colusa,Colusa,California,39.21311,-122.011563
Comptche,Mendocino,California,39.249919,-123.585652
Compton,Los Angeles,California,33.890654,-118.239044
Concord,Contra Costa,California,37.950434,-122.026296
Cool,El Dorado,California,38.903633,-120.972963
Copperopolis,Calaveras,California,37.937246,-120.638374
Corcoran,Kings,California,36.086455,-119.560665
Corning,Tehama,California,39.929566,-122.195991
Corona,Riverside,California,33.8815,-117.6078
Corona Del Mar,Orange,California,33.602066,-117.874331
Coronado,San Diego,California,32.68069,-117.169823
Corte Madera,Marin,California,37.922256,-122.513202
Costa Mesa,Orange,California,33.677711,-117.909623
Cotati,Sonoma,California,38.325918,-122.704831
Cottonwood,Shasta,California,40.369072,-122.337463
Coulterville,Mariposa,California,37.738642,-119.985813
Courtland,Sacramento,California,38.305756,-121.554297
Covelo,Mendocino,California,39.801864,-123.215015
Covina,Los Angeles,California,34.097162,-117.906544
Coyote,Santa Clara,California,37.216721,-121.746021
Crescent City,Del Norte,California,41.785402,-124.178448
Crescent Mills,Plumas,California,40.081915,-120.881993
Cressey,Merced,California,37.419722,-120.666389
Crest Park,San Bernardino,California,34.233889,-117.195556
Crestline,San Bernardino,California,34.241944,-117.284722
Creston,San Luis Obispo,California,35.491543,-120.554238
Crockett,Contra Costa,California,38.051865,-122.217659
Crows Landing,Stanislaus,California,37.438956,-121.019893
Culver City,Los Angeles,California,33.994927,-118.399115
Cupertino,Santa Clara,California,37.317363,-122.038604
Cutler,Tulare,California,36.524266,-119.287023
Cutten,Humboldt,California,40.77,-124.141667
Cypress,Orange,California,33.818613,-118.038696
Daggett,San Bernardino,California,34.86677,-116.887555
Daly City,San Mateo,California,37.7074,-122.4587
Dana Point,Orange,California,33.476964,-117.700483
Danville,Contra Costa,California,37.820833,-121.906667
Dardanelle,Tuolumne,California,38.341111,-119.832778
Darwin,Inyo,California,36.268056,-117.590833
Davenport,Santa Cruz,California,37.06306,-122.225735
Davis,Yolo,California,38.554817,-121.748495
Davis Creek,Modoc,California,41.862555,-120.323549
Death Valley,Inyo,California,36.467165,-116.893682
Deer Park,Napa,California,38.575833,-122.448889
Del Mar,San Diego,California,32.971474,-117.237314
Del Rey,Fresno,California,36.654306,-119.59291
Delano,Kern,California,35.771511,-119.24594
Delhi,Merced,California,37.428629,-120.775489
Denair,Stanislaus,California,37.538419,-120.796474
Descanso,San Diego,California,32.872971,-116.602732
Desert Center,Riverside,California,33.604941,-115.052603
Desert Hot Springs,Riverside,California,33.904973,-116.366222
Diablo,Contra Costa,California,37.83883,-121.960951
Diamond Bar,Los Angeles,California,34.006585,-117.809822
Diamond Springs,El Dorado,California,38.66302,-120.836071
Dillon Beach,Marin,California,38.250833,-122.964167
Dinuba,Tulare,California,36.534931,-119.39087
Discovery Bay,Contra Costa,California,37.9085357,-121.6002291
Dixon,Solano,California,38.458691,-121.815825
Dobbins,Yuba,California,39.371469,-121.234386
Dorris,Siskiyou,California,41.9675,-121.916944
Dos Palos,Merced,California,37.00253,-120.633348
Dos Rios,Mendocino,California,39.709298,-123.298294
Douglas City,Trinity,California,40.634151,-122.923867
Douglas Flat,Calaveras,California,38.087222,-120.471944
Downey,Los Angeles,California,33.94,-118.131667
Downieville,Sierra,California,39.570265,-120.677767
Doyle,Lassen,California,40.000799,-120.107693
Drytown,Amador,California,38.393056,-120.801389
Duarte,Los Angeles,California,34.139444,-117.976389
Dublin,Alameda,California,37.716597,-121.922589
Ducor,Tulare,California,35.891667,-119.046389
Dulzura,San Diego,California,32.615172,-116.728523
Duncans Mills,Sonoma,California,38.453889,-123.053889
Dunlap,Fresno,California,36.744635,-119.089931
Dunnigan,Yolo,California,38.893671,-121.996577
Dunsmuir,Siskiyou,California,41.212439,-122.273397
Durham,Butte,California,39.641599,-121.791983
Dutch Flat,Placer,California,39.197788,-120.826224
Eagleville,Modoc,California,41.316389,-120.114722
Earlimart,Tulare,California,35.854195,-119.253406
Earp,San Bernardino,California,34.149142,-114.33928
East Irvine,Orange,California,33.675833,-117.758889
Echo Lake,El Dorado,California,38.810254,-120.070498
Edison,Kern,California,35.3475,-118.870833
Edwards,Kern,California,34.930507,-117.915384
El Cajon,San Diego,California,32.777726,-116.919055
El Centro,Imperial,California,32.789332,-115.566508
El Cerrito,Contra Costa,California,37.915633,-122.298521
El Dorado,El Dorado,California,38.682778,-120.846667
El Dorado Hills,El Dorado,California,38.6851,-121.0685
El Granada,San Mateo,California,37.502778,-122.468333
El Monte,Los Angeles,California,34.079142,-118.037108
El Nido,Merced,California,37.13452,-120.483235
El Portal,Mariposa,California,37.674722,-119.783056
El Segundo,Los Angeles,California,33.924275,-118.411924
El Sobrante,Contra Costa,California,37.969287,-122.290092
El Toro,Orange,California,33.625833,-117.692778
El Verano,Sonoma,California,38.297778,-122.490556
Eldridge,Sonoma,California,38.348889,-122.509722
Elk,Mendocino,California,39.160402,-123.723961
Elk Creek,Glenn,California,39.598914,-122.557244
Elk Grove,Sacramento,California,38.412744,-121.359914
Elmira,Solano,California,38.348333,-121.908889
Elverta,Sacramento,California,38.716424,-121.431038
Emeryville,Alameda,California,37.836466,-122.280363
Emigrant Gap,Placer,California,39.286907,-120.662902
Empire,Stanislaus,California,37.638333,-120.901111
Encinitas,San Diego,California,33.036944,-117.291111
Encino,Los Angeles,California,34.165479,-118.517542
Escalon,San Joaquin,California,37.804428,-120.990044
Escondido,San Diego,California,33.110117,-117.069987
Esparto,Yolo,California,38.694191,-122.021391
Essex,San Bernardino,California,34.560626,-115.280344
Etna,Siskiyou,California,41.468303,-122.914189
Eureka,Humboldt,California,40.776237,-124.155892
Exeter,Tulare,California,36.304055,-119.12928
Fair Oaks,Sacramento,California,38.655408,-121.261065
Fairfax,Marin,California,37.988289,-122.593711
Fairfield,Solano,California,38.267084,-122.03565
Fall River Mills,Shasta,California,41.03931,-121.460562
Fallbrook,San Diego,California,33.369015,-117.228952
Farmersville,Tulare,California,36.300169,-119.205357
Farmington,San Joaquin,California,37.944771,-120.852343
Fawnskin,San Bernardino,California,34.268056,-116.941667
Feather Falls,Butte,California,39.593333,-121.255278
Fellows,Kern,California,35.202579,-119.564757
Felton,Santa Cruz,California,37.063124,-122.062162
Ferndale,Humboldt,California,40.574488,-124.252268
Fiddletown,Amador,California,38.53141,-120.715926
Fields Landing,Humboldt,California,40.724722,-124.213889
Fillmore,Ventura,California,34.402557,-118.904071
Finley,Lake,California,39.004444,-122.874444
Firebaugh,Fresno,California,36.8651,-120.470048
Fish Camp,Mariposa,California,37.51692,-119.642005
Five Points,Fresno,California,36.429444,-120.101944
Floriston,Nevada,California,39.445746,-120.025421
Flournoy,Tehama,California,39.920556,-122.435
Folsom,Sacramento,California,38.687885,-121.140927
Fontana,San Bernardino,California,34.0589,-117.4383
Foothill Ranch,Orange,California,33.666822,-117.664995
Forbestown,Butte,California,39.541712,-121.213443
Forest Falls,San Bernardino,California,34.08805,-116.914147
Forest Knolls,Marin,California,38.012178,-122.69074
Forest Ranch,Butte,California,40.129931,-121.500205
Foresthill,Placer,California,39.00229,-120.861127
Forestville,Sonoma,California,38.489442,-122.896683
Forks Of Salmon,Siskiyou,California,41.256978,-123.09781
Fort Bidwell,Modoc,California,41.864441,-120.161983
Fort Bragg,Mendocino,California,39.437452,-123.78835
Fort Dick,Del Norte,California,41.8382,-124.166
Fort Irwin,San Bernardino,California,35.40148,-116.644759
Fort Jones,Siskiyou,California,41.617027,-122.883207
Fortuna,Humboldt,California,40.584931,-124.140654
Fountain Valley,Orange,California,33.710762,-117.952318
Fowler,Fresno,California,36.628153,-119.671025
Frazier Park,Kern,California,34.822778,-118.943889
Freedom,Santa Cruz,California,36.936483,-121.776761
Fremont,Alameda,California,37.560493,-121.999935
French Camp,San Joaquin,California,37.877982,-121.282704
French Gulch,Shasta,California,40.703517,-122.622868
Fresno,Fresno,California,36.841107,-119.800359
Friant,Fresno,California,37.002416,-119.696501
Fullerton,Orange,California,33.8796,-117.8951
Fulton,Sonoma,California,38.494732,-122.77608
Galt,Sacramento,California,38.269846,-121.29383
Garberville,Humboldt,California,40.100278,-123.793889
Garden Grove,Orange,California,33.7857,-117.9318
Garden Valley,El Dorado,California,38.866495,-120.856672
Gardena,Los Angeles,California,33.892463,-118.296122
Gasquet,Del Norte,California,41.862768,-123.912467
Gazelle,Siskiyou,California,41.510485,-122.537122
Georgetown,El Dorado,California,38.919892,-120.793388
Gerber,Tehama,California,40.042997,-122.164937
Geyserville,Sonoma,California,38.700398,-122.888921
Gilroy,Santa Clara,California,37.016005,-121.57825
Glen Ellen,Sonoma,California,38.362538,-122.521002
Glencoe,Calaveras,California,38.351557,-120.594546
Glendale,Los Angeles,California,34.171606,-118.289892
Glendora,Los Angeles,California,34.128663,-117.855155
Glenhaven,Lake,California,38.99008,-122.522035
Glenn,Glenn,California,39.606871,-122.038443
Glennville,Kern,California,35.737677,-118.71693
Gold Run,Placer,California,39.175102,-120.856909
Goleta,Santa Barbara,California,34.4901,-120.0384
Gonzales,Monterey,California,36.490038,-121.410347
Goodyears Bar,Sierra,California,39.572891,-120.820698
Goshen,Tulare,California,36.351111,-119.419167
Granada Hills,Los Angeles,California,34.277068,-118.4992
Grand Terrace,San Bernardino,California,34.033889,-117.312778
Granite Bay,Placer,California,38.7438,-121.1898
Grass Valley,Nevada,California,39.207617,-121.037401
Graton,Sonoma,California,38.434971,-122.866766
Green Valley Lake,San Bernardino,California,34.237778,-117.079722
Greenbrae,Marin,California,37.950599,-122.535501
Greenfield,Monterey,California,36.320178,-121.24507
Greenview,Siskiyou,California,41.550833,-122.904444
Greenville,Plumas,California,40.142404,-120.927299
Greenwood,El Dorado,California,38.936234,-120.916589
Grenada,Siskiyou,California,41.612512,-122.525829
Gridley,Butte,California,39.358855,-121.689777
Grimes,Colusa,California,39.074444,-121.892778
Grizzly Flats,El Dorado,California,38.628665,-120.542508
Groveland,Tuolumne,California,37.840899,-120.191809
Grover Beach,San Luis Obispo,California,35.120969,-120.617348
Guadalupe,Santa Barbara,California,34.959989,-120.570329
Gualala,Mendocino,California,38.803619,-123.553975
Guasti,San Bernardino,California,34.065,-117.585556
Guatay,San Diego,California,32.848889,-116.556389
Guerneville,Sonoma,California,38.509573,-122.994416
Guinda,Yolo,California,38.816568,-122.189659
Gustine,Merced,California,37.242456,-121.003965
Hacienda Heights,Los Angeles,California,33.997741,-117.965205
Half Moon Bay,San Mateo,California,37.479057,-122.445929
Hamilton City,Glenn,California,39.742778,-122.0125
Hanford,Kings,California,36.331419,-119.649094
Happy Camp,Siskiyou,California,41.801802,-123.388045
Harbor City,Los Angeles,California,33.797006,-118.299114
Harmony,San Luis Obispo,California,35.508611,-121.021667
Hat Creek,Shasta,California,40.767673,-121.463687
Hathaway Pines,Calaveras,California,38.191944,-120.364444
Hawaiian Gardens,Los Angeles,California,33.82958,-118.072964
Hawthorne,Los Angeles,California,33.913214,-118.346978
Hayfork,Trinity,California,40.550431,-123.163416
Hayward,Alameda,California,37.6564,-122.0957
Healdsburg,Sonoma,California,38.61553,-122.856529
Heber,Imperial,California,32.698918,-115.428281
Helendale,San Bernardino,California,34.749859,-117.33666
Helm,Fresno,California,36.499231,-120.093598
Hemet,Riverside,California,33.741613,-116.972974
Herald,Sacramento,California,38.31282,-121.158898
Hercules,Contra Costa,California,38.006649,-122.263702
Herlong,Lassen,California,40.148492,-120.171271
Hermosa Beach,Los Angeles,California,33.864309,-118.395511
Hesperia,San Bernardino,California,34.426389,-117.3
Hickman,Stanislaus,California,37.619989,-120.71722
Hidden Valley Lake,Lake,California,39.962583,-123.814656
Highland,San Bernardino,California,34.126969,-117.208717
Hilmar,Merced,California,37.408377,-120.856144
Hinkley,San Bernardino,California,34.92788,-117.180867
Hollister,San Benito,California,36.848404,-121.387101
Holt,San Joaquin,California,37.934444,-121.426111
Holtville,Imperial,California,32.810387,-115.377456
Holy City,Santa Clara,California,37.156944,-121.977778
Homeland,Riverside,California,33.74528,-117.111845
Homewood,Placer,California,39.078157,-120.179035
Honeydew,Humboldt,California,40.244444,-124.121667
Hood,Sacramento,California,38.368333,-121.516389
Hoopa,Humboldt,California,41.105937,-123.692754
Hopland,Mendocino,California,38.972056,-123.116956
Hornbrook,Siskiyou,California,41.907738,-122.526528
Hornitos,Mariposa,California,37.492226,-120.226443
Hughson,Stanislaus,California,37.594364,-120.865281
Hume,Fresno,California,36.785,-118.912778
Huntington Beach,Orange,California,33.7152,-118.0088
Huntington Park,Los Angeles,California,33.976879,-118.216053
Huron,Fresno,California,36.237144,-120.101964
Hyampom,Trinity,California,40.6175,-123.451389
Hydesville,Humboldt,California,40.549576,-124.084489
Idyllwild,Riverside,California,33.730433,-116.710665
Igo,Shasta,California,40.431795,-122.654023
Imperial,Imperial,California,32.846954,-115.572984
Imperial Beach,San Diego,California,32.578289,-117.11478
Independence,Inyo,California,36.839578,-118.204808
Indian Wells,Riverside,California,33.716334,-116.338129
Indio,Riverside,California,33.721899,-116.235729
Inglewood,Los Angeles,California,33.955048,-118.355575
Inverness,Marin,California,38.083514,-122.856774
Inyokern,Kern,California,35.674498,-117.834844
Ione,Amador,California,38.351882,-120.943265
Irvine,Orange,California,33.7357,-117.7672
Isleton,Sacramento,California,38.155392,-121.604858
Ivanhoe,Tulare,California,36.385622,-119.218884
Jackson,Amador,California,38.357514,-120.754877
Jacumba,San Diego,California,32.624934,-116.195184
Jamestown,Tuolumne,California,37.906544,-120.494567
Jamul,San Diego,California,32.716289,-116.832332
Janesville,Lassen,California,40.296325,-120.50982
Jenner,Sonoma,California,38.474093,-123.135379
Johannesburg,Kern,California,35.370655,-117.637325
Jolon,Monterey,California,35.970833,-121.175
Joshua Tree,San Bernardino,California,34.150163,-116.303763
Julian,San Diego,California,33.053355,-116.565812
Junction City,Trinity,California,40.768187,-123.062671
June Lake,Mono,California,37.777324,-119.082492
Kaweah,Tulare,California,36.469722,-118.9175
Keeler,Inyo,California,36.487222,-117.873056
Keene,Kern,California,35.237502,-118.607563
Kelseyville,Lake,California,38.946164,-122.781707
Kentfield,Marin,California,37.952222,-122.556111
Kenwood,Sonoma,California,38.416794,-122.554679
Kerman,Fresno,California,36.730576,-120.072444
Kernville,Kern,California,35.755005,-118.404723
Kettleman City,Kings,California,36.021501,-119.964361
Keyes,Stanislaus,California,37.556667,-120.914444
King City,Monterey,California,36.202776,-121.127329
Kings Beach,Placer,California,39.240119,-120.023287
Kings Canyon National Pk,Tulare,California,36.780601,-119.068201
Kingsburg,Fresno,California,36.508047,-119.543298
Kirkwood,Alpine,California,38.702778,-120.071667
Kit Carson,Amador,California,38.431944,-120.570833
Klamath,Del Norte,California,41.542075,-124.033907
Klamath River,Siskiyou,California,41.863699,-122.819693
Kneeland,Humboldt,California,40.71262,-123.946421
Knights Landing,Yolo,California,38.822032,-121.720003
Knightsen,Contra Costa,California,37.9818,-121.672149
Korbel,Humboldt,California,40.824369,-123.859413
Kyburz,El Dorado,California,38.780036,-120.25529
La Canada Flintridge,Los Angeles,California,34.209282,-118.199008
La Crescenta,Los Angeles,California,34.231619,-118.245687
La Grange,Stanislaus,California,37.678915,-120.358131
La Habra,Orange,California,33.932173,-117.949703
La Honda,San Mateo,California,37.272285,-122.293889
La Jolla,San Diego,California,32.845488,-117.25208
La Mesa,San Diego,California,32.760431,-117.011541
La Mirada,Los Angeles,California,33.8953,-118.0024
La Palma,Orange,California,33.849017,-118.040618
La Puente,Los Angeles,California,34.029428,-117.934098
La Quinta,Riverside,California,34.3278,-118.6406
La Verne,Los Angeles,California,34.115905,-117.77077
Ladera Ranch,Orange,California,33.5554,-117.6384
Lafayette,Contra Costa,California,37.896105,-122.11194
Laguna Beach,Orange,California,33.542927,-117.772351
Laguna Hills,Orange,California,33.60028,-117.70854
Laguna Niguel,Orange,California,33.5225,-117.706667
Laguna Woods,Orange,California,33.6087,-117.7311
Lagunitas,Marin,California,38.013929,-122.701576
Lake Arrowhead,San Bernardino,California,34.248333,-117.188333
Lake City,Modoc,California,41.668208,-120.181424
Lake Elsinore,Riverside,California,33.659816,-117.348535
Lake Forest,Orange,California,33.640015,-117.68819
Lake Hughes,Los Angeles,California,34.668297,-118.444719
Lake Isabella,Kern,California,35.617889,-118.441256
Lakehead,Shasta,California,40.958775,-122.359281
Lakeport,Lake,California,39.055147,-122.915082
Lakeshore,Fresno,California,37.253,-119.1738
Lakeside,San Diego,California,32.856181,-116.920089
Lakewood,Los Angeles,California,33.8517,-118.1328
Lamont,Kern,California,35.257059,-118.912419
Lancaster,Los Angeles,California,34.690888,-118.149129
Landers,San Bernardino,California,34.403056,-116.591667
Larkspur,Marin,California,37.936743,-122.536202
Lathrop,San Joaquin,California,37.820897,-121.282652
Laton,Fresno,California,36.437834,-119.715565
Lawndale,Los Angeles,California,33.887908,-118.351014
Laytonville,Mendocino,California,39.667811,-123.486862
Le Grand,Merced,California,37.234175,-120.251737
Lebec,Kern,California,34.828862,-118.879126
Lee Vining,Mono,California,37.988988,-119.123413
Leggett,Mendocino,California,39.865833,-123.713056
Lemon Cove,Tulare,California,36.396084,-119.004986
Lemon Grove,San Diego,California,32.73323,-117.032646
Lemoore,Kings,California,36.309535,-119.831017
Lewiston,Trinity,California,40.745986,-122.842591
Likely,Modoc,California,41.230556,-120.503056
Lincoln,Placer,California,38.904035,-121.295541
Lincoln Acres,San Diego,California,32.667778,-117.071944
Linden,San Joaquin,California,38.021869,-121.074442
Lindsay,Tulare,California,36.209551,-119.088427
Litchfield,Lassen,California,40.362788,-120.253975
Little Lake,Inyo,California,35.936667,-117.905833
Little River,Mendocino,California,39.271042,-123.753089
Littlerock,Los Angeles,California,34.547372,-117.957405
Live Oak,Sutter,California,39.266904,-121.66393
Livermore,Alameda,California,37.68299,-121.762983
Livingston,Merced,California,37.376168,-120.716156
Llano,Los Angeles,California,34.495914,-117.798841
Lockeford,San Joaquin,California,38.162436,-121.135611
Lockwood,Monterey,California,35.989287,-121.205946
Lodi,San Joaquin,California,38.123579,-121.263034
Loleta,Humboldt,California,40.6531,-124.228826
Loma Linda,San Bernardino,California,34.0524,-117.2618
Loma Mar,San Mateo,California,37.254437,-122.281996
Lomita,Los Angeles,California,33.793339,-118.31693
Lompoc,Santa Barbara,California,34.658349,-120.450605
Lone Pine,Inyo,California,36.579781,-118.057824
Long Barn,Tuolumne,California,38.20336,-120.001159
Long Beach,Los Angeles,California,33.7705,-118.1885
Lookout,Modoc,California,41.208056,-121.154167
Loomis,Placer,California,38.80711,-121.169826
Los Alamitos,Orange,California,33.795291,-118.069891
Los Alamos,Santa Barbara,California,34.744444,-120.277222
Los Altos,Santa Clara,California,37.381432,-122.125754
Los Angeles,Los Angeles,California,33.973093,-118.247896
Los Banos,Merced,California,37.06266,-120.854387
Los Gatos,Santa Clara,California,37.211677,-121.978684
Los Gatos,Santa Cruz,California,37.1536,-121.9812
Los Molinos,Tehama,California,40.049735,-122.099175
Los Olivos,Santa Barbara,California,34.667778,-120.113889
Los Osos,San Luis Obispo,California,35.317203,-120.833261
Lost Hills,Kern,California,35.613111,-119.721573
Lotus,El Dorado,California,38.801712,-120.928864
Lower Lake,Lake,California,38.860682,-122.575426
Loyalton,Sierra,California,39.662974,-120.229662
Lucerne,Lake,California,39.083393,-122.785125
Lucerne Valley,San Bernardino,California,34.44695,-116.918857
Ludlow,San Bernardino,California,34.901779,-116.386202
Lynwood,Los Angeles,California,33.924076,-118.201289
Lytle Creek,San Bernardino,California,34.255755,-117.518613
Macdoel,Siskiyou,California,41.883028,-121.944472
Mad River,Trinity,California,40.352352,-123.413994
Madeline,Lassen,California,41.051111,-120.474444
Madera,Madera,California,36.9528,-119.8806
Madison,Yolo,California,38.680164,-121.972129
Magalia,Butte,California,39.831728,-121.597455
Malibu,Los Angeles,California,34.0382,-118.7082
Mammoth Lakes,Mono,California,37.642361,-118.976383
Manchester,Mendocino,California,38.992088,-123.670962
Manhattan Beach,Los Angeles,California,33.889594,-118.399562
Manteca,San Joaquin,California,37.80875,-121.21856
Manton,Tehama,California,40.433125,-121.836521
March Air Reserve Base,Riverside,California,33.895556,-117.276111
Maricopa,Kern,California,35.038353,-119.407661
Marina,Monterey,California,36.684922,-121.793383
Marina Del Rey,Los Angeles,California,33.977876,-118.452475
Mariposa,Mariposa,California,37.503918,-119.892496
Markleeville,Alpine,California,38.76473,-119.807275
Marshall,Marin,California,38.176221,-122.890011
Martell,Amador,California,38.366944,-120.795
Martinez,Contra Costa,California,37.993246,-122.111693
Marysville,Yuba,California,39.141653,-121.522467
Mather,Sacramento,California,38.549224,-121.282394
Maxwell,Colusa,California,39.292494,-122.195161
Maywood,Los Angeles,California,33.988992,-118.187685
Mc Farland,Kern,California,35.675779,-119.227156
Mc Kittrick,Kern,California,35.303097,-119.636627
Mcarthur,Lassen,California,41.111407,-121.214896
Mcclellan,Sacramento,California,38.655416,-121.40311
Mccloud,Siskiyou,California,41.252108,-122.13562
Mckinleyville,Humboldt,California,40.875833,-124.083056
Meadow Valley,Plumas,California,39.918488,-121.05629
Meadow Vista,Placer,California,39.003101,-121.029155
Mecca,Riverside,California,33.571667,-116.076389
Mendocino,Mendocino,California,39.323212,-123.78846
Mendota,Fresno,California,36.742365,-120.409287
Menifee,Riverside,California,33.664744,-117.1743
Menlo Park,San Mateo,California,37.453401,-122.179136
Mentone,San Bernardino,California,34.077372,-117.112581
Merced,Merced,California,37.300724,-120.461668
Meridian,Sutter,California,39.116812,-121.88138
Mi Wuk Village,Tuolumne,California,38.105576,-120.131762
Middletown,Lake,California,38.782504,-122.64352
Midpines,Mariposa,California,37.571009,-119.946548
Midway City,Orange,California,33.744794,-117.983539
Milford,Lassen,California,40.182763,-120.389508
Mill Creek,Tehama,California,40.326389,-121.521667
Mill Valley,Marin,California,37.895757,-122.533885
Millbrae,San Mateo,California,37.600382,-122.401985
Millville,Shasta,California,40.565316,-122.111088
Milpitas,Santa Clara,California,37.436491,-121.892885
Mineral,Tehama,California,40.328826,-121.524807
Mira Loma,Riverside,California,33.993845,-117.523574
Miramonte,Fresno,California,36.68938,-119.047718
Miranda,Humboldt,California,40.234722,-123.8225
Mission Hills,Los Angeles,California,34.261873,-118.458659
Mission Viejo,Orange,California,33.6,-117.6711
Moccasin,Tuolumne,California,37.810833,-120.298889
Modesto,Stanislaus,California,37.674649,-121.011303
Mojave,Kern,California,35.047767,-118.173475
Mokelumne Hill,Calaveras,California,38.328918,-120.567705
Mono Hot Springs,Fresno,California,37.168,-119.2095
Monrovia,Los Angeles,California,34.143959,-118.001376
Montague,Siskiyou,California,41.724294,-122.463799
Montara,San Mateo,California,37.542222,-122.515
Montclair,San Bernardino,California,34.073298,-117.698669
Monte Rio,Sonoma,California,38.462668,-123.00447
Montebello,Los Angeles,California,34.013342,-118.112986
Monterey,Monterey,California,36.595642,-121.8848
Monterey Park,Los Angeles,California,34.053409,-118.127144
Montgomery Creek,Shasta,California,40.912378,-121.923313
Montrose,Los Angeles,California,34.211425,-118.230529
Moorpark,Ventura,California,34.285556,-118.881111
Moraga,Contra Costa,California,37.843653,-122.124185
Moreno Valley,Riverside,California,33.8858,-117.2211
Morgan Hill,Santa Clara,California,37.129171,-121.64636
Morongo Valley,San Bernardino,California,34.060646,-116.565641
Morro Bay,San Luis Obispo,California,35.37953,-120.844745
Moss Beach,San Mateo,California,37.531039,-122.50683
Moss Landing,Monterey,California,36.804444,-121.785833
Mount Aukum,El Dorado,California,38.55,-120.7304
Mount Hamilton,Santa Clara,California,37.316087,-121.639948
Mount Hermon,Santa Cruz,California,37.051111,-122.0575
Mount Laguna,San Diego,California,32.872222,-116.4175
Mount Shasta,Siskiyou,California,41.317435,-122.324017
Mount Wilson,Los Angeles,California,34.226389,-118.065278
Mountain Center,Riverside,California,33.531667,-116.581954
Mountain Pass,San Bernardino,California,35.470278,-115.544167
Mountain Ranch,Calaveras,California,38.220363,-120.548137
Mountain View,Santa Clara,California,37.41001,-122.051944
Mt Baldy,Los Angeles,California,34.218082,-117.580219
Murphys,Calaveras,California,38.126896,-120.461772
Murrieta,Riverside,California,33.563071,-117.273838
Myers Flat,Humboldt,California,40.194758,-123.822713
Napa,Napa,California,38.328137,-122.305518
National City,San Diego,California,32.674916,-117.089747
Navarro,Mendocino,California,39.065833,-123.443889
Needles,San Bernardino,California,34.782369,-114.587134
Nelson,Butte,California,39.552222,-121.764444
Nevada City,Nevada,California,39.275395,-121.019634
New Almaden,Santa Clara,California,37.176111,-121.819722
New Cuyama,Santa Barbara,California,34.996709,-119.823806
Newark,Alameda,California,37.536812,-122.031956
Newberry Springs,San Bernardino,California,34.885001,-116.746373
Newbury Park,Ventura,California,34.184167,-118.909722
Newcastle,Placer,California,38.872467,-121.142616
Newhall,Los Angeles,California,34.379519,-118.523005
Newman,Stanislaus,California,37.317591,-121.025943
Newport Beach,Orange,California,33.6398,-117.8643
Newport Coast,Orange,California,33.596382,-117.855317
Nicasio,Marin,California,38.054622,-122.696402
Nice,Lake,California,39.122341,-122.842409
Nicolaus,Sutter,California,38.882726,-121.553043
Niland,Imperial,California,33.378373,-115.696455
Nipomo,San Luis Obispo,California,35.029806,-120.489413
Nipton,San Bernardino,California,35.46761,-115.481436
Norco,Riverside,California,33.94,-117.553333
Norden,Nevada,California,39.319566,-120.400876
North Fork,Madera,California,37.212531,-119.514324
North Highlands,Sacramento,California,38.68855,-121.374913
North Hills,Los Angeles,California,34.236636,-118.47582
North Hollywood,Los Angeles,California,34.16867,-118.371274
North Palm Springs,Riverside,California,33.900278,-116.527222
North San Juan,Nevada,California,39.354037,-121.13498
Northridge,Los Angeles,California,34.236743,-118.546595
Norwalk,Los Angeles,California,33.90564,-118.081767
Novato,Marin,California,38.1163,-122.571416
Nubieber,Lassen,California,41.095833,-121.181944
Nuevo,Riverside,California,33.807712,-117.118704
O Neals,Madera,California,37.086874,-119.745369
Oak Park,Ventura,California,34.136389,-118.773611
Oak Run,Shasta,California,40.68631,-122.040932
Oak View,Ventura,California,34.402021,-119.298168
Oakdale,Stanislaus,California,37.775323,-120.849474
Oakhurst,Madera,California,37.347561,-119.644854
Oakland,Alameda,California,37.780595,-122.216587
Oakley,Contra Costa,California,37.994034,-121.703623
Oakville,Napa,California,38.436944,-122.401111
Obrien,Shasta,California,40.812222,-122.323056
Occidental,Sonoma,California,38.396911,-122.988194
Oceano,San Luis Obispo,California,35.10187,-120.608044
Oceanside,San Diego,California,33.1951,-117.3776
Ocotillo,Imperial,California,32.738611,-115.993333
Ojai,Ventura,California,34.44512,-119.256477
Olancha,Inyo,California,36.320833,-118.025556
Old Station,Shasta,California,40.62557,-121.458476
Olema,Marin,California,38.040833,-122.786944
Olivehurst,Yuba,California,39.089483,-121.550059
Olympic Valley,Placer,California,39.155556,-120.215
Ontario,San Bernardino,California,34.0631,-117.6197
Onyx,Kern,California,35.713584,-118.190227
Orange,Orange,California,33.7877,-117.8755
Orange Cove,Fresno,California,36.624283,-119.313502
Orangevale,Sacramento,California,38.682384,-121.222902
Oregon House,Yuba,California,39.314388,-121.209229
Orick,Humboldt,California,41.30724,-124.050319
Orinda,Contra Costa,California,37.878659,-122.172848
Orland,Glenn,California,39.744578,-122.157885
Orleans,Humboldt,California,41.318092,-123.529564
Oro Grande,San Bernardino,California,34.617832,-117.332733
Orosi,Tulare,California,36.546368,-119.281522
Oroville,Butte,California,39.532967,-121.578396
Oxnard,Ventura,California,34.214142,-119.174952
Pacific Grove,Monterey,California,36.616737,-121.921957
Pacific Palisades,Los Angeles,California,34.054097,-118.536874
Pacifica,San Mateo,California,37.619559,-122.481607
Pacoima,Los Angeles,California,34.258081,-118.420692
Paicines,San Benito,California,36.49478,-121.032853
Pala,San Diego,California,33.377662,-117.071725
Palermo,Butte,California,39.436148,-121.545389
Palm Desert,Riverside,California,33.7611,-116.3249
Palm Springs,Riverside,California,33.841406,-116.53466
Palmdale,Los Angeles,California,34.571483,-118.061306
Palo Alto,Santa Clara,California,37.444324,-122.149685
Palo Cedro,Shasta,California,40.576661,-122.239805
Palo Verde,Imperial,California,33.432778,-114.731389
Palomar Mountain,San Diego,California,33.322778,-116.877778
Palos Verdes Peninsula,Los Angeles,California,33.770094,-118.374763
Panorama City,Los Angeles,California,34.226158,-118.447009
Paradise,Butte,California,39.746389,-121.636111
Paramount,Los Angeles,California,33.896867,-118.163152
Parker Dam,San Bernardino,California,34.297977,-114.155969
Parlier,Fresno,California,36.610265,-119.537482
Pasadena,Los Angeles,California,34.146762,-118.139119
Paskenta,Tehama,California,39.884722,-122.544722
Paso Robles,San Luis Obispo,California,35.635248,-120.670676
Patterson,Stanislaus,California,37.490592,-121.140732
Patton,San Bernardino,California,34.135833,-117.223056
Pauma Valley,San Diego,California,33.306285,-116.959552
Paynes Creek,Tehama,California,40.351415,-121.764952
Pearblossom,Los Angeles,California,34.491124,-117.902893
Pebble Beach,Monterey,California,36.590735,-121.942044
Penn Valley,Nevada,California,39.218778,-121.193519
Penngrove,Sonoma,California,38.315948,-122.671772
Penryn,Placer,California,38.856654,-121.179149
Perris,Riverside,California,33.797535,-117.280005
Pescadero,San Mateo,California,37.206518,-122.364876
Petaluma,Sonoma,California,38.240349,-122.677727
Petrolia,Humboldt,California,40.300558,-124.251236
Phelan,San Bernardino,California,34.426111,-117.571389
Phillipsville,Humboldt,California,40.209167,-123.784722
Philo,Mendocino,California,39.120005,-123.538218
Pico Rivera,Los Angeles,California,33.98857,-118.088269
Piedmont,Alameda,California,37.8276,-122.2507
Piedra,Fresno,California,36.810278,-119.381111
Piercy,Mendocino,California,39.966389,-123.794167
Pilot Hill,El Dorado,California,38.826312,-121.029765
Pine Grove,Amador,California,38.396783,-120.643713
Pine Valley,San Diego,California,32.835047,-116.512733
Pinecrest,Tuolumne,California,38.341062,-119.865195
Pinole,Contra Costa,California,37.996903,-122.287477
Pinon Hills,San Bernardino,California,34.442937,-117.640262
Pioneer,Amador,California,38.460271,-120.531815
Pioneertown,San Bernardino,California,34.156667,-116.495278
Piru,Ventura,California,34.415278,-118.793056
Pismo Beach,San Luis Obispo,California,35.142778,-120.640278
Pittsburg,Contra Costa,California,38.016887,-121.908178
Pixley,Tulare,California,35.955286,-119.256427
Placentia,Orange,California,33.881,-117.8553
Placerville,El Dorado,California,38.719479,-120.804564
Planada,Merced,California,37.290833,-120.3175
Platina,Shasta,California,40.316528,-122.918013
Playa Del Rey,Los Angeles,California,33.957745,-118.437314
Pleasant Grove,Sutter,California,38.787773,-121.507967
Pleasant Hill,Contra Costa,California,37.954002,-122.07371
Pleasanton,Alameda,California,37.665804,-121.8755
Plymouth,Amador,California,38.48811,-120.870258
Point Arena,Mendocino,California,38.915264,-123.660756
Point Mugu Nawc,Ventura,California,34.123432,-119.09931
Point Reyes Station,Marin,California,38.064794,-122.81621
Pollock Pines,El Dorado,California,38.745581,-120.585114
Pomona,Los Angeles,California,34.043268,-117.752086
Pope Valley,Napa,California,38.678192,-122.472244
Port Costa,Contra Costa,California,38.046013,-122.186649
Port Hueneme,Ventura,California,34.162572,-119.197317
Port Hueneme Cbc Base,Ventura,California,34.16212,-119.206008
Porter Ranch,Los Angeles,California,34.274191,-118.541235
Porterville,Tulare,California,36.068636,-119.031549
Portola,Plumas,California,39.810883,-120.466858
Portola Vally,San Mateo,California,37.378859,-122.208131
Posey,Tulare,California,35.813496,-118.664286
Potrero,San Diego,California,32.620477,-116.603748
Potter Valley,Mendocino,California,39.329639,-123.104181
Poway,San Diego,California,32.975619,-117.040223
Prather,Fresno,California,36.993799,-119.526771
Princeton,Colusa,California,39.428313,-122.030181
Proberta,Tehama,California,40.081667,-122.169444
Quincy,Plumas,California,39.940504,-120.928493
Rackerby,Yuba,California,39.4059,-121.336192
Rail Road Flat,Calaveras,California,38.343333,-120.511111
Raisin City,Fresno,California,36.598928,-119.903158
Ramona,San Diego,California,33.029349,-116.853548
Ranchita,San Diego,California,33.24055,-116.539121
Rancho Cordova,Sacramento,California,38.601897,-121.289434
Rancho Cucamonga,San Bernardino,California,34.133922,-117.599149
Rancho Mirage,Riverside,California,33.764284,-116.422451
Rancho Palos Verdes,Los Angeles,California,33.787778,-118.357222
Rancho Santa Fe,San Diego,California,33.0231,-117.1996
Rancho Santa Margarita,Orange,California,33.651822,-117.588388
Randsburg,Kern,California,35.352176,-117.726396
Ravendale,Lassen,California,40.831705,-120.16001
Raymond,Madera,California,37.27898,-119.876567
Red Bluff,Tehama,California,40.179535,-122.238281
Red Mountain,San Bernardino,California,35.372778,-117.633889
Redcrest,Humboldt,California,40.406458,-123.94205
Redding,Shasta,California,40.560493,-122.411627
Redlands,San Bernardino,California,34.039659,-117.180352
Redondo Beach,Los Angeles,California,33.830656,-118.383221
Redway,Humboldt,California,40.110081,-123.844194
Redwood City,San Mateo,California,37.464661,-122.230406
Redwood Estates,Santa Clara,California,37.156389,-121.985556
Redwood Valley,Mendocino,California,39.269446,-123.213289
Reedley,Fresno,California,36.604406,-119.437785
Represa,Sacramento,California,38.688333,-121.447778
Rescue,El Dorado,California,38.719353,-120.994526
Reseda,Los Angeles,California,34.200663,-118.539071
Rialto,San Bernardino,California,34.113155,-117.377133
Richgrove,Tulare,California,35.796667,-119.106944
Richmond,Contra Costa,California,37.940039,-122.36201
Richvale,Butte,California,39.493889,-121.743611
Ridgecrest,Kern,California,35.631376,-117.679733
Rimforest,San Bernardino,California,34.229722,-117.224167
Rio Dell,Humboldt,California,40.495147,-124.104386
Rio Linda,Sacramento,California,38.689311,-121.445152
Rio Nido,Sonoma,California,38.521111,-122.975833
Rio Oso,Sutter,California,38.960998,-121.505305
Rio Vista,Solano,California,38.163734,-121.701635
Ripon,San Joaquin,California,37.753286,-121.122909
River Pines,Amador,California,38.5463,-120.743
Riverbank,Stanislaus,California,37.732809,-120.943019
Riverdale,Fresno,California,36.429525,-119.871953
Riverside,Riverside,California,33.9924,-117.369421
Robbins,Sutter,California,38.870278,-121.705278
Rocklin,Placer,California,38.791898,-121.243406
Rodeo,Contra Costa,California,38.03069,-122.258139
Rohnert Park,Sonoma,California,38.3269,-122.7061
Rosamond,Kern,California,34.863117,-118.19636
Rosemead,Los Angeles,California,34.065767,-118.08529
Roseville,Placer,California,38.734612,-121.233968
Ross,Marin,California,37.9625,-122.553889
Rough And Ready,Nevada,California,39.228585,-121.150856
Round Mountain,Shasta,California,40.794167,-121.940833
Rowland Heights,Los Angeles,California,33.981777,-117.896946
Rumsey,Yolo,California,38.8762,-122.253738
Running Springs,San Bernardino,California,34.207778,-117.108333
Rutherford,Napa,California,38.458611,-122.421389
Ryde,Sacramento,California,38.238611,-121.559444
Sacramento,Sacramento,California,38.5816,-121.4933
Saint Helena,Napa,California,38.513776,-122.461921
Salida,Stanislaus,California,37.70713,-121.090484
Salinas,Monterey,California,36.667693,-121.659589
Salton City,Imperial,California,33.298611,-115.955278
Salyer,Trinity,California,40.89095,-123.547833
Samoa,Humboldt,California,40.803712,-124.193571
San Andreas,Calaveras,California,38.186732,-120.668703
San Anselmo,Marin,California,37.984579,-122.571062
San Ardo,Monterey,California,35.985685,-120.861191
San Bernardino,San Bernardino,California,34.110521,-117.289753
San Bruno,San Mateo,California,37.624742,-122.429021
San Carlos,San Mateo,California,37.496859,-122.267356
San Clemente,Orange,California,33.430809,-117.610139
San Diego,San Diego,California,32.71852,-117.159316
San Dimas,Los Angeles,California,34.102263,-117.81694
San Fernando,Los Angeles,California,34.287509,-118.435242
San Francisco,San Francisco,California,37.775,-122.4183
San Francisco,San Mateo,California,37.621944,-122.381944
San Gabriel,Los Angeles,California,34.115486,-118.085658
San Geronimo,Marin,California,38.017155,-122.67784
San Gregorio,San Mateo,California,37.325513,-122.355552
San Jacinto,Riverside,California,33.783889,-116.957778
San Joaquin,Fresno,California,36.605869,-120.188934
San Jose,Santa Clara,California,37.3894,-121.8868
San Juan Bautista,San Benito,California,36.849856,-121.532721
San Juan Capistrano,Orange,California,33.511714,-117.657409
San Leandro,Alameda,California,37.720467,-122.158705
San Lorenzo,Alameda,California,37.678671,-122.129547
San Lucas,Monterey,California,36.128889,-121.019444
San Luis Obispo,San Luis Obispo,California,35.263453,-120.650933
San Luis Rey,San Diego,California,33.294367,-117.306403
San Marcos,San Diego,California,33.144386,-117.169716
San Marino,Los Angeles,California,34.120698,-118.111745
San Martin,Santa Clara,California,37.091118,-121.599901
San Mateo,San Mateo,California,37.572271,-122.320262
San Miguel,San Luis Obispo,California,35.753209,-120.696532
San Pablo,Contra Costa,California,37.972374,-122.336929
San Pedro,Los Angeles,California,33.733894,-118.291425
San Quentin,Marin,California,37.9428,-122.4894
San Rafael,Marin,California,37.969144,-122.510502
San Ramon,Contra Costa,California,37.78,-121.976944
San Simeon,San Luis Obispo,California,35.666815,-121.144033
San Ysidro,San Diego,California,32.551944,-117.042222
Sanger,Fresno,California,36.7243,-119.547796
Santa Ana,Orange,California,33.75016,-117.857665
Santa Barbara,Santa Barbara,California,34.419668,-119.70782
Santa Clara,Santa Clara,California,37.34732,-121.954079
Santa Clarita,Los Angeles,California,34.459742,-118.488955
Santa Cruz,Santa Cruz,California,36.982946,-122.043612
Santa Fe Springs,Los Angeles,California,33.946407,-118.083801
Santa Margarita,San Luis Obispo,California,35.341254,-120.3202
Santa Maria,Santa Barbara,California,34.954538,-120.43245
Santa Monica,Los Angeles,California,34.017628,-118.490708
Santa Paula,Ventura,California,34.354718,-119.071328
Santa Rita Park,Merced,California,37.0475,-120.594167
Santa Rosa,Sonoma,California,38.443123,-122.751722
Santa Ynez,Santa Barbara,California,34.623966,-120.071332
Santa Ysabel,San Diego,California,33.147579,-116.69635
Santee,San Diego,California,32.848636,-116.986154
Saratoga,Santa Clara,California,37.272871,-122.018238
Sausalito,Marin,California,37.860147,-122.494555
Scotia,Humboldt,California,40.454665,-124.039074
Scott Bar,Siskiyou,California,41.77364,-122.988183
Scotts Valley,Santa Cruz,California,37.057841,-122.014961
Seal Beach,Orange,California,33.760971,-118.08428
Seaside,Monterey,California,36.609208,-121.835724
Sebastopol,Sonoma,California,38.391543,-122.838503
Seeley,Imperial,California,32.793056,-115.690278
Seiad Valley,Siskiyou,California,41.886589,-123.243762
Selma,Fresno,California,36.569524,-119.617026
Sequoia National Park,Tulare,California,36.573878,-118.772271
Shafter,Kern,California,35.496994,-119.280075
Shandon,San Luis Obispo,California,35.651273,-120.372047
Shasta,Shasta,California,40.610896,-122.49685
Shasta Lake,Shasta,California,40.680262,-122.365395
Shaver Lake,Fresno,California,37.139695,-119.273031
Sheep Ranch,Calaveras,California,38.209444,-120.463056
Sheridan,Placer,California,38.99153,-121.362062
Sherman Oaks,Los Angeles,California,34.151407,-118.460325
Shingle Springs,El Dorado,California,38.665616,-120.975925
Shingletown,Shasta,California,40.504959,-121.885668
Shoshone,Inyo,California,35.899239,-116.264476
Sierra City,Sierra,California,39.559248,-120.624135
Sierra Madre,Los Angeles,California,34.165101,-118.051916
Sierraville,Sierra,California,39.594294,-120.347789
Signal Hill,Los Angeles,California,33.8037,-118.1688
Silverado,Orange,California,33.746111,-117.636111
Simi Valley,Ventura,California,34.2694,-118.7805
Skyforest,San Bernardino,California,34.235278,-117.178333
Sloughhouse,Sacramento,California,38.507475,-121.094089
Smartville,Nevada,California,39.204305,-121.266716
Smith River,Del Norte,California,41.936218,-124.166115
Snelling,Merced,California,37.514359,-120.481615
Soda Springs,Nevada,California,39.338467,-120.465493
Solana Beach,San Diego,California,32.993739,-117.2598
Soledad,Monterey,California,36.41964,-121.324286
Solvang,Santa Barbara,California,34.609931,-120.129286
Somerset,El Dorado,California,38.607414,-120.666306
Somes Bar,Siskiyou,California,41.43304,-123.475928
Somis,Ventura,California,34.279753,-119.011537
Sonoma,Sonoma,California,38.295659,-122.472843
Sonora,Tuolumne,California,37.995692,-120.338498
Soquel,Santa Cruz,California,37.003525,-121.950255
Soulsbyville,Tuolumne,California,37.992794,-120.259892
South Dos Palos,Merced,California,36.964444,-120.652222
South El Monte,Los Angeles,California,34.055676,-118.044381
South Gate,Los Angeles,California,33.94617,-118.201349
South Lake Tahoe,El Dorado,California,38.916976,-119.986469
South Pasadena,Los Angeles,California,34.110939,-118.154696
South San Francisco,San Mateo,California,37.65382,-122.4347
Spreckels,Monterey,California,36.621944,-121.645833
Spring Valley,San Diego,California,32.7447,-116.998
Springville,Tulare,California,36.136314,-118.796059
Squaw Valley,Fresno,California,36.707146,-119.181449
Standard,Tuolumne,California,37.984167,-120.381111
Standish,Lassen,California,40.350863,-120.406847
Stanford,Santa Clara,California,37.423573,-122.161867
Stanton,Orange,California,33.803029,-117.994709
Stevenson Ranch,Los Angeles,California,34.381067,-118.582134
Stevinson,Merced,California,37.32575,-120.869856
Stewarts Point,Sonoma,California,38.651944,-123.398056
Stinson Beach,Marin,California,37.901992,-122.639305
Stirling City,Butte,California,39.907778,-121.526944
Stockton,San Joaquin,California,37.958,-121.2876
Stonyford,Colusa,California,39.333652,-122.517811
Storrie,Plumas,California,39.513889,-121.555278
Stratford,Kings,California,36.178976,-119.823564
Strathmore,Tulare,California,36.147237,-119.079163
Strawberry,Tuolumne,California,38.201667,-119.997778
Strawberry Valley,Yuba,California,39.604136,-121.074566
Studio City,Los Angeles,California,34.143025,-118.391311
Sugarloaf,San Bernardino,California,34.261111,-116.844167
Suisun City,Solano,California,38.240834,-122.042003
Sultana,Tulare,California,36.545556,-119.339167
Summerland,Santa Barbara,California,34.424541,-119.596016
Sun City,Riverside,California,33.744518,-117.171899
Sun Valley,Los Angeles,California,34.220907,-118.369853
Sunland,Los Angeles,California,34.261025,-118.321359
Sunnyvale,Santa Clara,California,37.368889,-122.035278
Sunol,Alameda,California,37.609403,-121.898636
Sunset Beach,Orange,California,33.716389,-118.068056
Surfside,Orange,California,33.727778,-118.081389
Susanville,Lassen,California,40.416389,-120.651944
Sutter,Sutter,California,39.168114,-121.756527
Sutter Creek,Amador,California,38.418569,-120.785454
Sylmar,Los Angeles,California,34.30538,-118.432181
Taft,Kern,California,35.148164,-119.455674
Tahoe City,Placer,California,39.180618,-120.144532
Tahoe Vista,Placer,California,39.24475,-120.052128
Tahoma,El Dorado,California,39.064406,-120.135747
Talmage,Mendocino,California,39.130833,-123.165
Tarzana,Los Angeles,California,34.16708,-118.541354
Taylorsville,Plumas,California,40.064911,-120.801797
Tecate,San Diego,California,32.592205,-116.606397
Tecopa,Inyo,California,35.897925,-115.829824
Tehachapi,Kern,California,35.129776,-118.522227
Tehama,Tehama,California,40.027222,-122.122222
Temecula,Riverside,California,33.4936,-117.1475
Temple City,Los Angeles,California,34.101586,-118.053652
Templeton,San Luis Obispo,California,35.555082,-120.710737
Termo,Lassen,California,40.946667,-120.517378
Terra Bella,Tulare,California,35.95698,-119.031239
The Sea Ranch,Sonoma,California,38.725627,-123.467486
Thermal,Riverside,California,33.543418,-116.11584
Thornton,San Joaquin,California,38.226111,-121.423611
Thousand Oaks,Ventura,California,34.170556,-118.836667
Thousand Palms,Riverside,California,33.808158,-116.371305
Three Rivers,Tulare,California,36.437686,-118.88754
Tipton,Tulare,California,36.054567,-119.30781
Tollhouse,Fresno,California,36.99434,-119.391415
Toluca Lake,Los Angeles,California,34.1578,-118.3794
Tomales,Marin,California,38.246389,-122.904444
Topanga,Los Angeles,California,34.10759,-118.602268
Topaz,Mono,California,38.64151,-119.512164
Torrance,Los Angeles,California,33.826817,-118.31183
Trabuco Canyon,Orange,California,33.663889,-117.589444
Tracy,San Joaquin,California,37.754444,-121.369722
Tranquillity,Fresno,California,36.658376,-120.261655
Traver,Tulare,California,36.455278,-119.483889
Travis Afb,Solano,California,38.274313,-121.946317
Tres Pinos,San Benito,California,36.79,-121.32
Trinidad,Humboldt,California,41.087949,-124.101253
Trinity Center,Trinity,California,41.061548,-122.723919
Trona,San Bernardino,California,35.760817,-117.382992
Truckee,Nevada,California,39.328056,-120.182222
Tujunga,Los Angeles,California,34.254389,-118.284856
Tulare,Tulare,California,36.202155,-119.33802
Tulelake,Siskiyou,California,41.931621,-121.434688
Tuolumne,Tuolumne,California,37.971339,-120.237496
Tupman,Kern,California,35.288547,-119.341994
Turlock,Stanislaus,California,37.503605,-120.850511
Tustin,Orange,California,33.7382,-117.8207
Twain,Plumas,California,40.002769,-121.150729
Twain Harte,Tuolumne,California,38.044722,-120.2155
Twentynine Palms,San Bernardino,California,34.145509,-116.060133
Twin Bridges,El Dorado,California,38.808615,-120.128851
Twin Peaks,San Bernardino,California,34.238889,-117.232778
Ukiah,Mendocino,California,39.151917,-123.200692
Union City,Alameda,California,37.589458,-122.049702
Universal City,Los Angeles,California,34.1378,-118.3563
Upland,San Bernardino,California,34.1368,-117.6598
Upper Lake,Lake,California,39.160829,-122.896114
Vacaville,Solano,California,38.341915,-121.962285
Valencia,Los Angeles,California,34.446608,-118.537437
Vallecito,Calaveras,California,38.101472,-120.467879
Vallejo,Solano,California,38.148345,-122.249333
Valley Center,San Diego,California,33.249046,-117.012232
Valley Ford,Sonoma,California,38.315729,-122.924457
Valley Springs,Calaveras,California,38.154355,-120.859742
Valley Village,Los Angeles,California,34.167217,-118.398905
Valyermo,Los Angeles,California,34.339014,-117.8271
Van Nuys,Los Angeles,California,34.2012,-118.4742
Venice,Los Angeles,California,33.993772,-118.463463
Ventura,Ventura,California,34.290531,-119.28882
Verdugo City,Los Angeles,California,34.211389,-118.238611
Vernalis,San Joaquin,California,37.6185,-121.259
Victor,San Joaquin,California,38.138056,-121.205
Victorville,San Bernardino,California,34.503917,-117.319235
Vidal,San Bernardino,California,34.156109,-114.565602
Villa Grande,Sonoma,California,38.473056,-123.024444
Villa Park,Orange,California,33.8165,-117.8112
Vina,Tehama,California,39.933056,-122.052778
Vineburg,Sonoma,California,38.2725,-122.4375
Vinton,Plumas,California,39.720719,-120.204994
Visalia,Tulare,California,36.311379,-119.306471
Vista,San Diego,California,33.1694,-117.242
Volcano,Amador,California,38.477319,-120.617761
Wallace,Calaveras,California,38.194167,-120.976944
Walnut,Los Angeles,California,34.0176,-117.8636
Walnut Creek,Contra Costa,California,37.875317,-122.070259
Walnut Grove,Sacramento,California,38.236362,-121.524849
Warner Springs,San Diego,California,33.303666,-116.721385
Wasco,Kern,California,35.593375,-119.344728
Washington,Nevada,California,39.359444,-120.798056
Waterford,Stanislaus,California,37.650988,-120.753862
Watsonville,Santa Cruz,California,36.920515,-121.763437
Waukena,Tulare,California,36.098056,-119.559444
Weaverville,Trinity,California,40.731701,-122.935303
Weed,Siskiyou,California,41.439466,-122.384803
Weimar,Placer,California,39.0375,-120.971389
Weldon,Kern,California,35.639076,-118.285856
Wendel,Lassen,California,40.346233,-120.352156
Weott,Humboldt,California,40.321944,-123.920556
West Covina,Los Angeles,California,34.067336,-117.936643
West Hills,Los Angeles,California,34.196343,-118.638892
West Hollywood,Los Angeles,California,34.090573,-118.378753
West Point,Calaveras,California,38.406201,-120.515862
West Sacramento,Yolo,California,38.592424,-121.526377
Westlake Village,Los Angeles,California,34.1462,-118.8013
Westlake Village,Ventura,California,34.1656,-118.8307
Westley,Stanislaus,California,37.549444,-121.198056
Westminster,Orange,California,33.752756,-117.991312
Westmorland,Imperial,California,33.041058,-115.630723
Westport,Mendocino,California,39.644059,-123.76426
Westwood,Lassen,California,40.270359,-121.109224
Wheatland,Yuba,California,39.019197,-121.422126
Whiskeytown,Shasta,California,40.638889,-122.558611
White Water,Riverside,California,33.927591,-116.693154
Whitethorn,Humboldt,California,40.023889,-123.941944
Whitmore,Shasta,California,40.65255,-121.877076
Whittier,Los Angeles,California,34.001119,-118.037139
Wildomar,Riverside,California,33.602115,-117.263953
Williams,Colusa,California,39.148855,-122.162375
Willits,Mendocino,California,39.411426,-123.350271
Willow Creek,Humboldt,California,40.938894,-123.631062
Willows,Glenn,California,39.523751,-122.199204
Wilmington,Los Angeles,California,33.785475,-118.264451
Wilseyville,Calaveras,California,38.384566,-120.442356
Wilton,Sacramento,California,38.412069,-121.225656
Winchester,Riverside,California,33.624269,-117.088518
Windsor,Sonoma,California,38.543182,-122.804375
Winnetka,Los Angeles,California,34.2092,-118.57492
Winterhaven,Imperial,California,32.832922,-114.636634
Winters,Yolo,California,38.529462,-121.974544
Winton,Merced,California,37.39233,-120.6132
Wishon,Madera,California,37.281028,-119.557014
Witter Springs,Lake,California,39.182118,-122.97105
Wofford Heights,Kern,California,35.724556,-118.455877
Woodacre,Marin,California,38.006933,-122.638247
Woodbridge,San Joaquin,California,38.155124,-121.308632
Woodlake,Tulare,California,36.431334,-119.091764
Woodland,Yolo,California,38.674294,-121.77932
Woodland Hills,Los Angeles,California,34.155652,-118.600019
Woody,Kern,California,35.70681,-118.843872
Wrightwood,San Bernardino,California,34.362839,-117.6249
Yermo,San Bernardino,California,34.905,-116.819444
Yettem,Tulare,California,36.486389,-119.258611
Yolo,Yolo,California,38.731944,-121.806667
Yorba Linda,Orange,California,33.8913,-117.8191
Yorkville,Mendocino,California,38.908945,-123.233867
Yosemite National Park,Mariposa,California,37.746667,-119.583611
Yountville,Napa,California,38.403813,-122.358506
Yreka,Siskiyou,California,41.720558,-122.637604
Yuba City,Sutter,California,39.128619,-121.621599
Yucaipa,San Bernardino,California,34.028197,-117.048925
Yucca Valley,San Bernardino,California,34.155936,-116.431313
Zamora,Yolo,California,38.799896,-121.90654
Zenia,Trinity,California,40.205556,-123.490833
